"term_en","abbr_en","definition_en","term_ja","variants_ja","ng_ja","term_zh","ng_zh","term_ko","ng_ko","term_de","ng_de","term_es","ng_es","ng_note","source_ref"
"air bearing","","A bearing in which a thin film of pressurized air separates the moving element from its guide surface, giving frictionless, wear-free motion with very low vibration. Wafer and reticle stages and precision spindles use it, often with vacuum preload, where mechanical bearings would add friction, particles or hysteresis.","エアベアリング","空気軸受;静圧空気軸受;エア軸受;エアーベアリング","空気ベアリング","气浮轴承","空气承载","에어 베어링","공기 지지대","Luftlager","","cojinete de aire","rodamiento de aire","「空気ベアリング」は和洋混合で現場では使わない（エアベアリング／空気軸受）。スペイン語「rodamiento」は転動体のある軸受を指し、空気軸受には不適。 公開資料に用例なし（辞書訳）","A. H. Slocum, Precision Machine Design (Prentice Hall, 1992)"
"atomic layer deposition","ALD","A thin-film deposition method in which two or more precursor gases are pulsed alternately into the chamber, each reacting with the surface in a self-limiting way so that film grows roughly one atomic layer per cycle. It gives precise thickness control and conformal coverage in high-aspect-ratio structures.","原子層堆積","ALD;原子層成膜;アトミックレイヤーデポジション","原子層蒸着;原子層沈着;原子層付着","原子层沉积","原子层蒸镀","원자층 증착","원자층 침전","Atomlagenabscheidung","Atomschichtablagerung","deposición de capas atómicas","sedimentación de capas atómicas","deposition を「沈着/沉淀/Ablagerung/sedimentación」(沈殿・堆積物)と訳すのは誤り。日 蒸着 は蒸発法(PVD)を指す語で ALD には不適。 確認した公開資料に用例なし（辞書訳）","S. M. George, Atomic Layer Deposition: An Overview, Chem. Rev. 110, 111 (2010); SEMI International Standards: Compilation of Terms"
"automated material handling system","AMHS","The fab-wide system of overhead transport vehicles, stockers, conveyors and control software that moves wafer carriers between tools and storage without manual handling. It covers both interbay and intrabay transport.","自動搬送システム","AMHS;自動マテリアルハンドリングシステム","自動材料処理システム;自動材料取扱システム","自动物料搬运系统","自动材料处理系统","자동 반송 시스템","","automatisiertes Materialtransportsystem","","sistema automatizado de manejo de materiales","","「材料処理／材料处理」は material handling の直訳で、化学処理と誤解される。現場では「搬送」で通じる。 公開資料に用例なし（辞書訳）","SEMI E153 — Specification for AMHS SEM (AMHS SEM)"
"beam current measurement","","Measuring the ion beam current, usually with a Faraday cup in the beamline or end station, to integrate charge and control implanted dose. Secondary-electron suppression and neutral-beam compensation are needed so that the reading equals the true ion current reaching the wafer.","ビーム電流測定","ビーム電流計測;ビームカレント測定;ビーム電流モニタ","光線電流測定;ビーム電流量測定","束流测量","光束电流测量","빔 전류 측정","광선 전류 측정","Strahlstrommessung","","medición de la corriente del haz","","beam を「光線」「光束」「광선」と訳すのは光学の誤訳。イオン注入では「ビーム電流／束流」。 公開資料に用例なし（辞書訳）","S. Wolf and R. N. Tauber, Silicon Processing for the VLSI Era, Vol. 1: Process Technology, 2nd ed., Lattice Press (2000)"
"channeling","","Penetration of implanted ions far deeper than expected when the beam is aligned with a low-index crystal direction and ions travel between atomic rows with few collisions. Implanters tilt and twist the wafer, or use a screen oxide, to randomize incidence and keep the junction depth predictable.","チャネリング","チャンネリング;イオンチャネリング","溝加工;水路化;経路形成","沟道效应","槽道化;沟槽加工","채널링","채널 가공","Channeling","Kanalisierung","canalización","","「溝加工」「水路化」「Kanalisierung」は機械加工・土木の channeling。注入では結晶軸に沿う深い侵入現象を指す。 公開資料に用例なし（辞書訳）","S. Wolf and R. N. Tauber, Silicon Processing for the VLSI Era, Vol. 1: Process Technology, 2nd ed., Lattice Press (2000)"
"chemical vapor deposition","CVD","Growth of a solid film on a heated substrate from gaseous precursors that react or decompose at or near the surface, with by-products carried away by the exhaust. Thermal, plasma-enhanced and low-pressure variants are used for dielectrics, polysilicon and metals.","化学気相成長","CVD;化学蒸着;化学気相堆積;化学的気相成長","化学蒸気堆積;化学的蒸気析出","化学气相沉积","化学蒸汽沉积","화학 기상 증착","화학 증기 침전","chemische Gasphasenabscheidung","chemische Dampfablagerung","deposición química de vapor","deposición de vapor químico","vapor を水蒸気の「蒸気/蒸汽/Dampf」と訳すと誤り。気相(gas phase)からの成膜。西 vapor químico は語順で意味が変わる。 確認した公開資料に用例なし（辞書訳）","SEMI M59 — Terminology for Silicon Technology; H. O. Pierson, Handbook of Chemical Vapor Deposition, 2nd ed. (Noyes, 1999)"
"contact angle","","The angle between the surface of a liquid droplet and the solid surface it rests on, measured through the liquid. On wafers it quantifies how hydrophilic or hydrophobic a surface is after cleaning and predicts watermark and drying behavior.","接触角","濡れ角;水接触角;コンタクトアングル","接点角;触角","接触角","触角","접촉각","접점각","Kontaktwinkel","Berührungswinkel","ángulo de contacto","","「触角」は昆虫の触角、「接点角」は電気接点を連想させる誤訳。独は Kontaktwinkel と Randwinkel が併存。 確認した公開資料に用例なし（辞書訳）","ISO 19403-2 — Paints and varnishes — Wettability — Part 2: Determination of the surface free energy of solid surfaces by measuring the contact angle; K. A. Reinhardt & W. Kern (eds.), Handbook of Silicon Wafer Cleaning Technology, 3rd ed. (William Andrew, 2018)"
"cross-contamination","","Unintended transfer of chemical species, particles or metallic impurities from one wafer, bath or chamber to another, for example when wafers from different process steps share a cleaning bath. Tool dedication and recipe segregation are used to prevent it.","クロスコンタミネーション","クロスコンタミ;相互汚染;交差汚染","二次汚染","交叉污染","互相污染","교차 오염","상호 오염","Kreuzkontamination","Überkreuzverschmutzung","contaminación cruzada","contaminación mutua","日本語の半導体現場では「クロスコンタミ」が定着。「交差汚染」は食品・医薬分野の訳語、「二次汚染」は別概念。 「交差汚染」はJIS Z 8122 1082に用例あり → variants へ。「二次汚染」は用例なし（別概念）","W. Kern (ed.), Handbook of Semiconductor Wafer Cleaning Technology (Noyes, 1993); K. A. Reinhardt & W. Kern (eds.), Handbook of Silicon Wafer Cleaning Technology, 3rd ed. (William Andrew, 2018)"
"crystal orientation","","The crystallographic direction of a single-crystal wafer surface normal, such as (100) or (111), together with the azimuthal reference given by the notch or flat. It determines etch behaviour, oxidation rate, carrier mobility and cleavage, and is checked by X-ray or optical methods.","結晶方位","面方位;結晶面方位;結晶軸方位;ウェハ方位","結晶方向;結晶配向;結晶の向き;水晶方位","晶向","水晶方向;晶体朝向;结晶方位","결정 방향","수정 방향;크리스탈 방향;결정 지향","Kristallorientierung","Kristallausrichtung;Quarzorientierung;Kristalllage","orientación cristalina","dirección del cristal;orientación de cuarzo;alineación cristalina","crystal を「水晶/수정/Quarz/cuarzo」（石英）と訳す機械翻訳誤りが典型。JA「結晶配向」は多結晶膜の配向（テクスチャ）の語で単結晶ウェハの方位には使わない。 公開資料（JIS・SEAJ用語集・メーカー資料）に用例なし（辞書訳）","SEMI MF26 — Test Method for Determining the Orientation of a Semiconductive Single Crystal"
"defect map","","A plot of the positions of detected defects across a wafer, generated by an inspection tool, with each defect classified by size or type. Engineers compare maps across process steps to find where defects were added and to recognize signatures such as scratches or arc patterns.","欠陥マップ","ディフェクトマップ;欠陥分布図;ウェハマップ","欠陥地図","缺陷图","瑕疵地图","디펙트 맵","","Defect Map","Fehlerlandkarte","mapa de defectos","","「地図」「Landkarte」は地理の map。中国語「瑕疵」は外観傷の語で工程欠陥には「缺陷」。 公開資料に用例なし（辞書訳）","SEMI M35 — Guide for Developing Specifications for Silicon Wafer Surface Features Detected by Automated Inspection"
"dishing","","Recess of a soft or fast-polishing feature, such as a copper line or pad, below the surrounding harder surface after CMP, leaving a shallow dish-shaped depression. It is measured together with erosion to characterize planarization quality.","ディッシング","ディシング","皿状化;皿盛り;凹み","碟形凹陷","蝶形凹陷;盘状化","디싱","접시형 함몰","Dishing","Schüsselbildung","dishing","plato","dishing は英語借用が定着。「皿状」「Schüssel」等の直訳は通じず、「凹み」は一般語で不特定。中 蝶形 は 碟形 の誤字。 確認した公開資料に用例なし（辞書訳）","J. M. Steigerwald, S. P. Murarka & R. J. Gutmann, Chemical Mechanical Planarization of Microelectronic Materials (Wiley, 1997)"
"drive-in","","The second stage of a two-step diffusion in which a wafer that already carries a shallow predeposited dopant layer is heated, usually in an oxidising or inert ambient, so that the dopant redistributes deeper into the silicon to the target junction depth. It sets the final profile without adding more dopant.","ドライブイン","ドライブイン拡散;押し込み拡散;追い込み拡散;再分布拡散","乗り入れ;運転投入;ドライブ・イン方式","推进扩散","驾入;开进;驾车进入","드라이브인","차량 진입;운전 투입;드라이브 인 매장","Drive-in","Einfahrt;Hineinfahren;Autokino","drive-in","autocine;conducción interna;entrada de vehículos","drive-in を自動車関連（乗り入れ/驾入/Einfahrt/autocine）と訳す機械翻訳誤りが実在する。拡散工程の後段を指す。 見出し語自体の用例が未確認のためNG訳も据え置き（公開資料に用例なし）","J. D. Plummer, M. D. Deal & P. B. Griffin, Silicon VLSI Technology: Fundamentals, Practice and Modeling (Prentice Hall, 2000)"
"electrical test","e-test","Measurement of electrical parameters on test structures or devices on a wafer to confirm that the process has produced the intended transistor and interconnect characteristics. In a fab it is run on wafers at defined points of the flow, often at the end, to accept or reject lots.","電気特性試験","電気テスト;E-test;電気特性評価;電気特性検査;ウェハ電気試験","耐電圧試験;電気安全試験;電力試験","电性测试","电力测试;电气安全测试","전기 특성 테스트","내전압 시험;전기 안전 시험;전력 테스트","elektrischer Test","Stromtest;elektrische Sicherheitsprüfung","prueba eléctrica","prueba de potencia;prueba de seguridad eléctrica","「耐電圧試験/電気安全試験」は装置や製品の安全規格試験であり、ウェハの特性評価とは別概念。powerの誤読による「電力試験」は不可。 公開資料（JIS・SEAJ用語集・メーカー資料）に用例なし（辞書訳）","G. S. May & C. J. Spanos, Fundamentals of Semiconductor Manufacturing and Process Control (Wiley, 2006)"
"emergency off","EMO","A hard-wired button and circuit that removes hazardous power from a tool at once, independently of the control software. It is the last-resort cut-off defined for cluster tools and fab equipment, distinct from a controlled emergency stop.","EMO","緊急遮断;EMO回路;EMOボタン;非常遮断","非常停止","紧急关断","紧急停止","EMO","비상정지","Not-Aus","Not-Halt","desconexión de emergencia","parada de emergencia","「非常停止／紧急停止／비상정지／Not-Halt／parada de emergencia」は制御系で機械を止める emergency stop（E-stop）を指し、電源を遮断する EMO とは SEMI S2 で区別される。 非常停止は同JISで emergency stop device（3.21）として別概念。EMOの訳としてはNG","SEMI E20 — Cluster Tool Module Interface: Electrical Power and Emergency Off Standard; SEMI S2 — Environmental, Health, and Safety Guideline for Semiconductor Manufacturing Equipment"
"extraction","","Drawing ions out of the ion source plasma through a slit and forming them into a beam with electrodes held at high potential relative to the source. The extraction voltage and electrode geometry set the initial beam energy and the current an implanter can deliver.","引き出し","イオン引き出し;ビーム引き出し;引出し","抽出;摘出;取り出し","引出","提取;抽取","인출","추출","Extraktion","","extracción","","「抽出」「提取」「추출」は化学分離やデータ抽出の語。イオン源からは「引き出す」（引き出し電極）が慣用。 公開資料に用例なし（辞書訳）","S. Wolf and R. N. Tauber, Silicon Processing for the VLSI Era, Vol. 1: Process Technology, 2nd ed., Lattice Press (2000); J. F. Ziegler (ed.), Ion Implantation: Science and Technology, 2nd ed., Academic Press (1988)"
"gas detection","","Continuous sensing of hazardous gas concentration at points such as gas cabinets, valve manifold boxes and tool enclosures, with alarms and interlocks that cut off supply when a leak is found. It is a core requirement of equipment safety design for toxic, flammable and corrosive gases.","ガス検知","ガス検出;ガスモニタリング;漏洩ガス検知","ガス探査;ガス発見","气体检测","气体发现","가스 감지","","Gasdetektion","","detección de gases","","「探査」「発見」「发现」は detection の一般訳。安全設備では「ガス検知（器）」「气体检测」。 公開資料に用例なし（辞書訳）","SEMI S2 — Environmental, Health, and Safety Guideline for Semiconductor Manufacturing Equipment"
"high-purity chemical","","A liquid chemical refined to semiconductor-grade limits on metallic, particulate and anionic contamination, used for wafer cleaning, etching and resist processing. Its purity grade sets the materials and cleanliness required of the delivery and dispense system.","高純度薬品","高純度化学薬品;高純度ケミカル;電子工業用薬品","高純度化学物質;高純度薬剤","高纯化学品","高纯化学物质","고순도 화학약품","","hochreine Chemikalie","","químico de alta pureza","","「化学物質」は化審法など法令の語、「薬剤」は医薬のニュアンス。半導体では「薬品／ケミカル」。 公開資料に用例なし（辞書訳）","SEMI C1 — Guide for the Analysis of Liquid Chemicals; SEMI F57 — Specification for High Purity Polymer Materials and Components Used in Ultrapure Water and Liquid Chemical Distribution Systems"
"high-temperature operating life","HTOL","A reliability stress test in which packaged devices are operated under bias at elevated ambient temperature for an extended time, typically 1000 hours, to accelerate wear-out and infant mortality failure mechanisms. Results are used to project field lifetime.","高温動作寿命試験","HTOL試験;高温動作試験;高温動作寿命;高温通電寿命試験","高温運転寿命;高温操作寿命;高温作動生活","高温工作寿命试验","高温运行寿命;高温操作寿命;高温经营寿命","고온 동작 수명 시험","고온 운전 수명;고온 작업 생활;고온 조작 수명","Hochtemperatur-Betriebslebensdauertest","Hochtemperatur-Betriebsleben;Hochtemperatur-Operationsleben","prueba de vida operativa a alta temperatura","vida de operación de alta temperatura;prueba de vida de funcionamiento caliente","life を「生活/生活/Leben」、operating を「運転/操作/経営」と訳すのは機械翻訳の典型誤り。信頼性分野の定訳は「動作寿命」。 見出し語自体の用例が未確認のためNG訳も据え置き（公開資料に用例なし）","JEDEC JESD22-A108 — Temperature, Bias, and Operating Life"
"large particle count","LPC","The number of particles in a slurry above a size threshold, typically around 0.5 to 1 micrometer, that is far larger than the mean abrasive size, measured by single-particle optical sensing. It is tracked because these oversized particles correlate with scratch defects.","粗大粒子数","LPC;ラージパーティクルカウント;大粒子カウント","大規模粒子数;大量粒子数","大颗粒计数","大量颗粒计数","대형 입자 수","대량 입자 수","Grobpartikelanzahl","große Partikelzählung","recuento de partículas grandes","gran conteo de partículas","large は粒径が大きいことで「大量」「大規模」ではない。 確認した公開資料に用例なし（辞書訳）","SEMI C98 — Guide for Chemical Mechanical Planarization (CMP) Particle Size Distribution (PSD) Measurement and Reporting Used in Semiconductor Manufacturing"
"lower electrode","","The electrode in a parallel-plate plasma chamber on which the wafer rests, usually integrated with the electrostatic chuck and temperature control. In RIE tools it carries the RF bias that accelerates ions toward the wafer.","下部電極","下電極;ボトム電極;サセプタ電極","低電極;下方電極","下电极","低电极","하부 전극","낮은 전극","untere Elektrode","niedrige Elektrode","electrodo inferior","electrodo bajo","lower は位置（下部）であり「低い」ではない。各言語で「低電極」系は誤訳。 公開資料に用例なし（辞書訳）","K. Nojiri, Dry Etching Technology for Semiconductors, Springer (2015); M. A. Lieberman and A. J. Lichtenberg, Principles of Plasma Discharges and Materials Processing, 2nd ed., Wiley (2005)"
"matching network","","A tunable reactive circuit placed between an RF generator and a plasma load so that the load impedance seen by the generator stays at 50 ohm and reflected power is minimised. In production tools it is an automatically tuned unit mounted close to the chamber electrode.","マッチングボックス","整合器;自動整合器;マッチャー;インピーダンス整合器;マッチングユニット;マッチングネットワーク;整合回路","整合ネットワーク;一致回路;適合回路;マッチング網;インピーダンス適合ネットワーク;インピーダンス適合回路;抵抗マッチング","阻抗匹配器","配对网络;一致网络;匹配网路;阻抗适配网络","매처","일치 네트워크;정합 망;매칭 회로망;임피던스 적합 회로","Anpassnetzwerk","Übereinstimmungsnetzwerk;Passungsnetzwerk","red de adaptación de impedancia","red de coincidencia;red de emparejamiento;red de ajuste;red de emparejamiento de impedancia","matching を「一致/適合/coincidencia/Übereinstimmung」と訳すのは誤り（インピーダンス整合）。「整合ネットワーク/網」は直訳で現場では「マッチングボックス/整合器/マッチャー」。 公開資料（JIS・SEAJ用語集・メーカー資料）に用例なし（辞書訳） / matching を「適合」「适配」「emparejamiento」と訳すのは誤り。電気では「整合／匹配／adaptación」。impedance を「抵抗」とするのも不正確。 公開資料に用例なし（辞書訳）","SEMI E113 — Specification for Semiconductor Processing Equipment RF Power Delivery Systems"
"minority carrier lifetime","","The average time an excess electron or hole survives in a semiconductor before recombining, which reflects the density of recombination centers such as metallic contamination. It is measured contactlessly on wafers, for example by photoconductance decay or microwave reflection, to monitor cleanliness of furnaces and wet benches.","少数キャリアライフタイム","少数キャリア寿命;キャリアライフタイム;ライフタイム","少数キャリア生存時間;マイノリティキャリア寿命","少数载流子寿命","少数载体寿命","소수 캐리어 수명","소수 운송자 수명","Minoritätsladungsträgerlebensdauer","Minderheitsträgerlebensdauer","tiempo de vida de portadores minoritarios","vida de transportadores minoritarios","「生存時間」は直訳。中国語「载体」・韓国語「운송자」・スペイン語「transportador」は運搬の carrier で、電荷担体は「载流子」「운반자／캐리어」「portador」。独「Minderheit」は社会的少数派。 公開資料に用例なし（辞書訳）","SEMI MF28 — Test Method for Minority Carrier Lifetime in Bulk Germanium and Silicon by Measurement of Photoconductivity Decay"
"misalignment","","A pattern placed off its intended position relative to an earlier layer because the exposure tool's alignment to the wafer marks was wrong or the marks were damaged. It appears as a systematic overlay error and can cause shorts or opens where layers must connect.","合わせずれ","アライメントずれ;位置ずれ;ミスアライメント;重ね合わせずれ","不整列;誤整合;整合不良","对准偏差","不对齐","미스얼라인","비정렬","Fehljustage","","desalineación","","「不整列」「誤整合」は辞書訳。現場では「合わせずれ／アライメントずれ」。中国語「不对齐」は一般語で装置文脈では「对准偏差」。 公開資料に用例なし（辞書訳）","SEMI P35 — Terminology for Microlithography Metrology"
"outgassing","","The spontaneous release of gas, mainly water vapour and solvents, from the surfaces and bulk of materials inside a vacuum system after pump-down. It sets the ultimate pressure and pump-down time of a chamber and drives the choice of materials, bake-out and purge practice.","アウトガス","アウトガッシング;脱ガス;ガス放出;気体放出;アウトガス放出","排ガス;ガス抜き;出ガス;ガス漏れ","放气","排气;废气;漏气;除气","아웃개싱","배기;배기 가스;가스 배출;가스 누출","Ausgasung","Abgas;Entlüftung;Ausdünstung;Gasaustritt","desgasificación","escape de gases;gases de escape;fuga de gas;ventilación","「排ガス/排气/배기/Abgas/gases de escape」は排気系から出るガスで別概念。「ガス抜き/除气/Entgasung」は意図的な脱気処理を指し、現象名としては不可。「ガス漏れ/漏气/fuga」はリーク。 公開資料（JIS・SEAJ用語集・メーカー資料）に用例なし（辞書訳）","ISO 3529-1 — Vacuum technology — Vocabulary — Part 1: General terms"
"output power","","The RF power an RF generator delivers at its output connector, normally stated as forward power into a matched 50 ohm load. It is the quantity that the generator setpoint, readback and SEMI E136 test method refer to.","出力電力","出力パワー;RF出力;出力","出力動力;出力電源;出力エネルギー","输出功率","输出电源;输出动力;输出能量","출력 전력","출력 동력;출력 전원;출력 에너지","Ausgangsleistung","Ausgangskraft;Ausgangsenergie;Ausgangsstrom","potencia de salida","poder de salida;energía de salida;fuerza de salida","power を「動力/電源/エネルギー/poder/Kraft」と訳すのは物理量の誤り。電力（W）を指す。 公開資料（JIS・SEAJ用語集・メーカー資料）に用例なし（辞書訳）","SEMI E136 — Test Method for Determining the Output Power of RF Generators Used in Semiconductor Processing Equipment RF Power Delivery Systems"
"overlay error","","The positional offset between a pattern printed in the current layer and the pattern of a reference layer, measured at overlay marks and reported as x and y vectors across the wafer. It is budgeted per layer pair and corrected through exposure-tool alignment corrections.","オーバーレイ誤差","重ね合わせ誤差;重ね合わせずれ;オーバーレイエラー;合わせずれ","重複誤差;覆い誤差;上塗り誤差","套刻误差","覆盖误差;重叠误差","오버레이 오차","","Overlay-Fehler","","error de overlay","","overlay を「重複」「覆い」「覆盖」「重叠」と訳すのは一般語の直訳。リソでは「重ね合わせ／オーバーレイ／套刻」。 公開資料に用例なし（辞書訳）","SEMI P35 — Terminology for Microlithography Metrology; SEMI P28 — Specification for Overlay-Metrology Test Patterns for Integrated-Circuit Manufacture"
"oxidation-induced stacking fault","OSF","A planar crystal defect that nucleates at surface or near-surface damage and grows during thermal oxidation of a silicon wafer, visible after preferential etching as a short line defect. Its density is used as a wafer quality and process cleanliness indicator.","酸化誘起積層欠陥","OSF;酸化誘起スタッキングフォルト;酸化誘起積層欠陥（OSF）","酸化誘導積層欠陥;酸化誘発積み重ね欠陥;積層故障","氧化诱生层错","氧化诱发堆叠故障;氧化引起的堆垛错误;氧化堆积故障","산화 유기 적층 결함","산화 유도 적층 고장;산화 적층 오류","oxidationsinduzierter Stapelfehler","Stapelstörung;Oxidationsstapelfehlfunktion","falla de apilamiento inducida por oxidación","avería de apilamiento;fallo de apilado por oxidación;error de apilamiento","fault を「故障/고장/avería」と訳すのは誤り（結晶欠陥）。JAの定訳は「誘起」で、「誘導」は電磁誘導の語。 公開資料（JIS・SEAJ用語集・メーカー資料）に用例なし（辞書訳）","SEMI MF1727 — Practice for Detection of Oxidation Induced Defects in Polished Silicon Wafers"
"pad hardness","","The resistance of a CMP polishing pad to indentation, usually reported on the Shore D or Shore A scale. Harder pads planarize better and softer pads reduce scratching, so it is a key consumable specification.","パッド硬度","研磨パッド硬度;パッド硬さ","パッド剛性;パッド強度","抛光垫硬度","抛光垫刚度","패드 경도","패드 강도","Padhärte","Padsteifigkeit","dureza del pad","rigidez del pad","硬度(hardness)と剛性(stiffness)・強度(strength)は別の物性値。 確認した公開資料に用例なし（辞書訳）","SEMI C100 — Guide for Reporting Chemical Mechanical Planarization (CMP) Polishing Pads Hardness Used in Semiconductor Manufacturing"
"particle","","A discrete piece of solid or liquid matter on a wafer surface or in a gas, liquid or air stream, small enough to be counted individually and large enough to cause a defect. Equipment is specified by the number of particles it adds to a wafer.","パーティクル","粒子;微粒子;異物","粒;ほこり;粒子状物質","颗粒","灰尘;尘埃","파티클","먼지","Partikel","Staub;Korn","partícula","polvo","「ほこり/灰尘/Staub/polvo」は粗大な塵の意で、計数対象の微粒子汚染であるパーティクルとは区別する。「粒子状物質」は環境分野の用語。 確認した公開資料に用例なし（辞書訳）","SEMI M59 — Terminology for Silicon Technology; SEMI M35 — Guide for Developing Specifications for Silicon Wafer Surface Features Detected by Automated Inspection; ISO 14644-1 — Cleanrooms and associated controlled environments — Part 1: Classification of air cleanliness by particle concentration"
"particle concentration","","The number of airborne particles at or above a given size per unit volume of air, the quantity by which cleanroom air cleanliness classes are defined. It is measured with a discrete particle counter at specified sampling locations.","粒子濃度","パーティクル濃度;浮遊微粒子濃度;粒子数濃度;浮遊粒子数濃度","粒子集中;粒子密度","粒子浓度","粒子集中度","입자 농도","입자 집중","Partikelkonzentration","Partikeldichte","concentración de partículas","densidad de partículas","concentration を「集中」と訳すのは誤り。「密度」は質量/体積と混同されるので避ける。 確認した公開資料に用例なし（辞書訳）","ISO 14644-1 — Cleanrooms and associated controlled environments — Part 1: Classification of air cleanliness by particle concentration"
"particle defect","","A defect caused by a foreign particle that lands on the wafer during deposition or another process step and is then buried in or shadows the growing film, leaving a bump, pinhole or void in the pattern. Inspection systems classify it separately from pattern and process-induced defects.","パーティクル欠陥","異物欠陥;粒子欠陥","粒子欠点;微粒子不良","颗粒缺陷","颗粒缺点","파티클 결함","입자 결점","Partikeldefekt","","defecto por partícula","","defect を「欠点/缺点/결점」(短所)と訳すのは誤り。「不良」は製品判定の語で欠陥そのものではない。 確認した公開資料に用例なし（辞書訳）","SEMI International Standards: Compilation of Terms"
"pattern collapse","","Toppling or sticking together of adjacent high-aspect-ratio resist lines, driven by capillary forces as the rinse liquid dries after development. It limits how narrow and tall resist features can be printed and is countered with surfactant rinses or low-surface-tension drying.","パターン倒れ","パターンコラプス;レジスト倒れ;パターン崩れ","パターン崩壊","图形坍塌","模式崩溃","패턴 붕괴","무늬 붕괴","Pattern Collapse","Musterzusammenbruch","colapso de patrón","colapso del modelo","「崩壊」は collapse の直訳で現場では「倒れ」と言う。中国語「模式」・韓国語「무늬」・独「Muster」はソフトウェア/模様の意味の pattern で誤り。 パターン崩壊はE1〜E3資料に用例なし（商用用語サイトのみ）→ NG維持","C. A. Mack, Fundamental Principles of Optical Lithography (Wiley, 2007)"
"personal protective equipment","PPE","Clothing and devices worn by a worker, such as chemical-resistant gloves, goggles, face shields and respirators, to protect against hazards that remain after engineering controls. Equipment safety documents state what is required for each maintenance task.","個人用保護具","個人防護具;PPE","個人保護装置;個人的防護装備","个人防护装备","个人保护设备","개인보호구","개인 방어 장비","persönliche Schutzausrüstung","persönliche Schutzeinrichtung","equipo de protección individual","","「装置/設備/Einrichtung」は機械側の防護設備を連想させ、身に着ける保護具とは区別する。 確認した公開資料に用例なし（辞書訳）","SEMI S21 — Safety Guideline for Worker Protection"
"photoresist residue","","Resist material left on the wafer after stripping or ashing, often as a hardened crust or thin scum produced by etch or implant exposure. It is removed by additional plasma or wet clean steps because it causes defects and blocks later processing.","レジスト残渣","レジスト残り;フォトレジスト残渣;残渣","感光剤残留物;フォトレジスト残り物","光刻胶残留","感光剂残留","PR 잔사","","Fotolackrückstand","","residuo de fotorresina","","「感光剤」「残留物」は辞書訳で、現場では「レジスト残渣（ざんさ）」。中国語も「感光剂」ではなく「光刻胶」。 公開資料に用例なし（辞書訳）","S. Wolf and R. N. Tauber, Silicon Processing for the VLSI Era, Vol. 1: Process Technology, 2nd ed., Lattice Press (2000)"
"pinhole","","A tiny hole through a thin film or resist layer, caused by a particle, bubble or local non-wetting, that exposes the layer beneath. Pinholes in dielectrics cause leakage or shorts and in resist lead to unwanted etching, so films are screened for pinhole density.","ピンホール","微小孔;ピンホール欠陥","針穴;ピン穴","针孔","别针孔","핀홀","바늘 구멍","Pinhole","Stecknadelloch","pinhole","agujero de pin","「針穴」「바늘 구멍」「Stecknadelloch」は辞書直訳。膜の微小貫通孔は各言語とも音訳または「针孔」「poro」。 公開資料に用例なし（辞書訳）","SEMI M59 — Terminology for Silicon Technology"
"plasma ashing","","Removal of photoresist by exposing the wafer to an oxygen-based plasma that oxidizes the organic film into volatile gases. It is performed in a dedicated asher or in the etch chamber as a dry alternative to wet stripping.","アッシング","プラズマアッシング;レジストアッシング;ドライ剥離","プラズマ灰化処理;焼却","等离子去胶","等离子烧灰","애싱","회화","Plasmaveraschung","","ashing por plasma","incineración por plasma","「灰化」は分析化学の試料前処理の語で、装置現場では「アッシング」。「焼却」「incineración」は廃棄物処理の語。 公開資料に用例なし（辞書訳）","S. Wolf and R. N. Tauber, Silicon Processing for the VLSI Era, Vol. 1: Process Technology, 2nd ed., Lattice Press (2000); K. Nojiri, Dry Etching Technology for Semiconductors, Springer (2015)"
"PM cycle","","The scheduled interval, in time, wafer count or RF hours, between successive preventive maintenance events on a tool or module. Extending it without raising unscheduled downtime is a common equipment-engineering goal, since PM time counts against availability.","PM周期","PMサイクル;定期メンテナンス周期;PM間隔;予防保全間隔","予防保全循環","PM周期","预防维护循环","PM 주기","예방 보전 순환","PM-Zyklus","vorbeugender Wartungskreislauf","ciclo de PM","círculo de mantenimiento","「循環」「순환」「Kreislauf」「círculo」は cycle を循環と直訳したもの。保全の間隔は「周期」「Intervall」「ciclo」。 公開資料に用例なし（辞書訳）","SEMI E10 — Specification for Definition and Measurement of Equipment Reliability, Availability, and Maintainability (RAM) and Utilization"
"polished wafer","PW","A single-crystal wafer whose front surface, and often back surface, has been chemically-mechanically polished to a mirror finish after slicing, lapping and etching, ready for device fabrication or epitaxy. It is the standard starting substrate specified by SEMI M1.","鏡面ウェーハ","鏡面ウェハ;ポリッシュドウェハ;ポリッシュトウェハ;鏡面研磨ウェハ;研磨ウェハ;PW;ポリッシュウェハ","磨かれたウェハ;光沢ウェハ;研削ウェハ;洗練されたウェハ","抛光片","打磨晶圆;磨光片;光亮片;研磨片","폴리시드 웨이퍼","광택 웨이퍼;세련된 웨이퍼;연삭 웨이퍼","polierter Wafer","geschliffener Wafer;glänzender Wafer;raffinierter Wafer","oblea pulida","oblea lustrada;oblea esmerilada;oblea refinada","polished を「洗練された/세련된/raffiniert/refinada」と訳す機械翻訳誤りがある。「研削/研磨片/geschliffen/esmerilada」はグラインド工程の語で鏡面研磨とは別。「光沢/光亮/광택」は外観語で工程名ではない。 公開資料（JIS・SEAJ用語集・メーカー資料）に用例なし（辞書訳）","SEMI M1 — Specification for Polished Single Crystal Silicon Wafers"
"positioning accuracy","","The maximum deviation between the commanded and the actually reached position of a motion axis over its travel, normally stated together with repeatability. Equipment specifications quote it for stages, robots and aligners to show how closely a target coordinate can be hit.","位置決め精度","位置決め確度;位置精度","配置精度;ポジショニング正確さ","定位精度","放置精度","위치 결정 정밀도","배치 정밀도","Positioniergenauigkeit","Platzierungsgenauigkeit","precisión de posicionamiento","precisión de colocación","「配置精度」「放置精度」「배치 정밀도」「Platzierung」「colocación」は部品配置（placement）の語。軸の位置決めは「位置決め精度」。 公開資料に用例なし（辞書訳）","ISO 230-2 — Test code for machine tools — Part 2: Determination of accuracy and repeatability of positioning of numerically controlled axes"
"power setpoint","","The target RF power value commanded to a generator by the tool controller or recipe, against which the generator regulates its actual output. Readback and alarms are judged relative to it.","電力設定値","パワー設定値;出力設定値;パワーセットポイント;RF設定値","電力設定点;パワー設定ポイント;電源設定値","功率设定值","电源设定值;功率设置点;动力设定值","전력 설정값","전력 설정점;전원 설정값;동력 설정값","Leistungssollwert","Leistungseinstellpunkt;Leistungssetzpunkt","consigna de potencia","punto fijo de potencia;punto de potencia;consigna de poder","setpoint を「設定点/设置点/設定ポイント」と直訳するのは制御用語として不自然で、現場は「設定値/セットポイント」。「電源設定値」は電源装置の設定と誤解される。 公開資料（JIS・SEAJ用語集・メーカー資料）に用例なし（辞書訳）","SEMI E113 — Specification for Semiconductor Processing Equipment RF Power Delivery Systems"
"pressure differential","","The difference in static air pressure between two adjacent spaces, such as a cleanroom and its corridor or a minienvironment and the surrounding bay, maintained so that air leaks from the cleaner to the less clean side. It is monitored as a basic contamination-control parameter.","差圧","室間差圧;圧力差","圧力差分;示差圧力","压差","压力微分","차압","압력 미분","Differenzdruck","Differentialdruck","presión diferencial","","differential を微分と訳した「压力微分」「압력 미분」は誤り。現場語は「差圧」。 確認した公開資料に用例なし（辞書訳）","ISO 14644-4 — Cleanrooms and associated controlled environments — Part 4: Design, construction and start-up; ISO 14644-3 — Cleanrooms and associated controlled environments — Part 3: Test methods"
"purge gas","","Inert gas, usually nitrogen or argon, flowed through lines, chambers or enclosures to displace air, moisture or residual process gas before and after operation. It keeps high-purity gas lines clean and dilutes hazardous residues during maintenance.","パージガス","パージ用ガス;N2パージ","掃気ガス;洗浄ガス","吹扫气体","清洗气体","퍼지 가스","세정 가스","Spülgas","Reinigungsgas","gas de purga","gas de limpieza","「掃気」はボイラ・内燃機関の語。「洗浄ガス」「清洗气体」「Reinigungsgas」はクリーニングガス（NF3 等）と誤解される。 公開資料に用例なし（辞書訳）","SEMI E49.8 — Guide for High Purity Gas Distribution Systems"
"residual gas analyzer","RGA","A small quadrupole mass spectrometer mounted on a vacuum chamber to identify the gas species present and their partial pressures, used for leak checking, contamination and water-vapour monitoring and process endpoint. It operates only at high vacuum, so a differentially pumped inlet is used on process chambers.","残留ガス分析計","残留ガス分析装置;RGA;四重極質量分析計;四極子形質量分析計;Qマス;残留ガス分析器","残余ガス分析器;残りガス分析装置;残留気体解析器","残余气体分析仪","剩余气体分析器;残留气体解析仪;余气分析仪","잔류 가스 분석기","잔여 가스 분석기;나머지 가스 분석기;잔류 가스 해석기","Restgasanalysator","Rückstandsgasanalysator;Restgasanalyzer;Übriggasanalysator","analizador de gases residuales","analizador de gas remanente;analizador de gases restantes","residual を「残余/剩余/残り/나머지/Rückstand/remanente」と訳すのは辞書訳で、真空分野の定訳は「残留」。 公開資料（JIS・SEAJ用語集・メーカー資料）に用例なし（辞書訳）","ISO 14291:2012 — Vacuum gauges — Definitions and specifications for quadrupole mass spectrometers"
"run-to-run control","R2R","An advanced process control method that adjusts recipe setpoints between successive runs or lots using metrology results from earlier runs. It compensates slow drifts such as consumable wear without changing settings inside a run.","R2R制御","Run-to-Run制御;Run-to-Run(R2R)制御;ラン・ツー・ラン制御;ロット間制御","連続運転制御;実行間制御","批间控制","运行到运行控制","R2R 제어","실행 간 제어","Run-to-Run-Regelung","Lauf-zu-Lauf-Steuerung","control run-to-run","control de ejecución a ejecución","ここでの run は「処理1回（ロット／ウェハ）」であり、「連続運転」「実行」と訳すと意味がずれる。ドイツ語は Steuerung（開ループ）ではなく Regelung（フィードバック）。 公開資料に用例なし。実行間制御は学術DB（J-GLOBAL）の論文題目訳のみで業界資料に用例なし","SEMI E133 — Specification for Automated Process Control Systems Interface"
"servo motor","","An electric motor combined with a position or speed feedback device and a drive that closes the control loop so the shaft follows commanded position, velocity and torque profiles. Equipment axes such as robot arms, stages and lifts use it where precise, repeatable motion is required.","サーボモータ","サーボモーター;ACサーボモータ;サーボ","従動モータ;追従モータ","伺服电机","服务电机","서보 모터","","Servomotor","","servomotor","motor de servicio","「従動モータ」「追従モータ」のような訳語は使われず、カタカナで定着。中国語「服务」・スペイン語「servicio」は servo を service と誤読したもの。 公開資料に用例なし（辞書訳）","NEMA ICS 16 — Industrial Control and Systems: Motion/Position Control Motors, Controls, and Feedback Devices"
"solderability test","","A test that dips package leads or terminations into molten solder after accelerated aging and inspects the wetted area to confirm that the surface finish will solder reliably at board assembly. JEDEC JESD22-B102 specifies the procedure for IC packages.","はんだ付け性試験","はんだ付け性試験方法;はんだ濡れ性試験;ソルダビリティ試験","溶接性試験","可焊性测试","焊接性测试","솔더링성 시험","용접성 시험","Lötbarkeitsprüfung","Schweißbarkeitsprüfung","ensayo de soldabilidad","","「溶接／焊接／용접／Schweißen」は welding で、soldering（はんだ付け）とは別工程。 公開資料に用例なし。はんだ付けは溶接ではない","JEDEC JESD22-B102 — Solderability"
"system in package","SiP","A package that integrates several dies and often passive components, stacked or placed side by side on a substrate, so that the package itself delivers a complete functional system. It contrasts with a system on chip, where all functions sit on one die.","SiP","システムインパッケージ","パッケージ内システム;一体化パッケージ","系统级封装","封装内系统","SiP","","System-in-Package","","system in package","","「パッケージ内システム／封装内系统」は直訳で、業界では SiP／系统级封装で通じる。 公開資料に用例なし（辞書訳）","IEEE EPS Heterogeneous Integration Roadmap (2021 ed.), Chapter 21: SiP and Module System Integration"
"tester","ATE","The automatic test equipment that applies stimulus to a device under test and measures its response according to a test program, deciding pass, fail and bin. In a test cell it is coupled to a prober or a handler that presents the devices.","テスタ","テスター;ATE;自動試験装置;試験装置;テスト装置;LSIテスタ","試験者;検査者;試験器;テスト器;自動テスト機器;自動試験設備;自動検査装置","测试机","测试仪;测试者;试验机;检测仪;自动测验装置;自动化测试仪器","테스터","시험자;검사기;시험기;테스트기;자동 시험 기기;자동화 검사 설비","Tester","Prüfer;Testgerät;Prüfling;automatisches Prüfgerät;Testausrüstung","equipo de prueba automático","ensayador;comprobador;verificador;probeta;equipamiento de prueba automatizado;máquina de ensayo automática","「試験者/测试者/Prüfer/ensayador」は人を指す誤訳。「測試仪/検査器/Testgerät」は汎用計測器（テスター＝回路計）と混同される。Prüfling は被試験物（DUT）で逆の意味。 公開資料（JIS・SEAJ用語集・メーカー資料）に用例なし（辞書訳） / 「自動テスト機器/設備」は辞書訳で、業界では「テスタ」または略語 ATE で呼ぶ。他言語の「機器/設備」系の直訳も同様に資料に用例なし。「自動検査装置」は inspection と混同する。","SEMI E122 — Specification for Tester Equipment Specific Equipment Model (TSEM); M. Burns & G. W. Roberts, An Introduction to Mixed-Signal IC Test and Measurement (Oxford Univ. Press, 2001); SEAJ 半導体製造装置用語集（検査）: テスタ (Automated Test Equipment); M. L. Bushnell & V. D. Agrawal, Essentials of Electronic Testing for Digital, Memory and Mixed-Signal VLSI Circuits (Springer, 2000)"
"thermocouple","TC","A temperature sensor made of two dissimilar metal wires joined at the measuring point, producing a small voltage that depends on the junction temperature. Letter-designated types such as K, J and R are used throughout furnaces, heaters and chucks.","熱電対","サーモカップル;TC;熱電対センサ","熱電偶;サーモカプラ;熱電カップル;熱電対偶","热电偶","热电对;热电耦合器;热电偶合器","열전대","열전 커플러;열전 결합기;서모커플러","Thermoelement","Thermokoppler;Thermokupplung;Thermokopplung","termopar","termoacoplador;acoplador térmico;par termoeléctrico","couple を「カプラ/耦合器/커플러/Koppler/acoplador」と結合器に誤訳する例がある。「熱電偶」は中国語表記で日本語では「熱電対」。 公開資料（JIS・SEAJ用語集・メーカー資料）に用例なし（辞書訳）","IEC 60584-1 — Thermocouples — Part 1: EMF specifications and tolerances; JIS C 1602 — 熱電対"
"warpage measurement","","Measurement of the out-of-plane deformation of a package or substrate, usually by shadow moire or laser profilometry, at room temperature and through a reflow temperature profile. JEDEC JESD22-B112 defines the method for surface-mount ICs.","反り測定","ワーページ測定;反り量測定","歪み測定;変形測定","翘曲测量","变形测量;弯曲测量","휨 측정","변형 측정","Verwölbungsmessung","Verformungsmessung","medición de alabeo","","「歪み／变形／변형／Verformung」は変形全般で、面外の反り（warpage）に限定されない。 公開資料に用例なし（辞書訳）","JEDEC JESD22-B112 — Package Warpage Measurement of Surface-Mount Integrated Circuits at Elevated Temperature"
